areaName,date,newCasesBySpecimenDate
England,3/11/2020,588
England,2/11/2020,18826
England,1/11/2020,12457
England,31/10/2020,13649
England,30/10/2020,19380
England,29/10/2020,19809
England,28/10/2020,20189
England,27/10/2020,20443
England,26/10/2020,22706
England,25/10/2020,13097
England,24/10/2020,13513
England,23/10/2020,18085
England,22/10/2020,19582
England,21/10/2020,21469
England,20/10/2020,21309
England,19/10/2020,22076
England,18/10/2020,11847
England,17/10/2020,12350
England,16/10/2020,14519
England,15/10/2020,15234
England,14/10/2020,16431
England,13/10/2020,15425
England,12/10/2020,16180
England,11/10/2020,9642
England,10/10/2020,10149
England,9/10/2020,12991
England,8/10/2020,15250
England,7/10/2020,15183
England,6/10/2020,14281
England,5/10/2020,14031
England,4/10/2020,9805
England,3/10/2020,9699
England,2/10/2020,11559
England,1/10/2020,11289
England,30/9/2020,10512
England,29/9/2020,8720
England,28/9/2020,8572
England,27/9/2020,6026
England,26/9/2020,5645
England,25/9/2020,6042
England,24/9/2020,6296
England,23/9/2020,5888
England,22/9/2020,5371
England,21/9/2020,4700
England,20/9/2020,4621
England,19/9/2020,4185
England,18/9/2020,4277
England,17/9/2020,3938
England,16/9/2020,3748
England,15/9/2020,3046
England,14/9/2020,2897
England,13/9/2020,1710
England,12/9/2020,2212
England,11/9/2020,2857
England,10/9/2020,3101
England,9/9/2020,2851
England,8/9/2020,3001
England,7/9/2020,3465
England,6/9/2020,2056
England,5/9/2020,2190
England,4/9/2020,2587
England,3/9/2020,2666
England,2/9/2020,2617
England,1/9/2020,1929
England,31/8/2020,1259
England,30/8/2020,980
England,29/8/2020,1047
England,28/8/2020,1387
England,27/8/2020,1337
England,26/8/2020,1141
England,25/8/2020,1059
England,24/8/2020,1082
England,23/8/2020,694
England,22/8/2020,715
England,21/8/2020,1004
England,20/8/2020,1221
England,19/8/2020,1071
England,18/8/2020,924
England,17/8/2020,1137
England,16/8/2020,527
England,15/8/2020,644
England,14/8/2020,1043
England,13/8/2020,1020
England,12/8/2020,1093
England,11/8/2020,1213
England,10/8/2020,1350
England,9/8/2020,557
England,8/8/2020,636
England,7/8/2020,864
England,6/8/2020,978
England,5/8/2020,941
England,4/8/2020,920
England,3/8/2020,940
England,2/8/2020,512
England,1/8/2020,493
England,31/7/2020,625
England,30/7/2020,855
England,29/7/2020,973
England,28/7/2020,781
England,27/7/2020,809
England,26/7/2020,515
England,25/7/2020,492
England,24/7/2020,712
England,23/7/2020,733
England,22/7/2020,750
England,21/7/2020,691
England,20/7/2020,753
England,19/7/2020,414
England,18/7/2020,466
England,17/7/2020,546
England,16/7/2020,639
England,15/7/2020,724
England,14/7/2020,649
England,13/7/2020,689
England,12/7/2020,351
England,11/7/2020,422
England,10/7/2020,520
England,9/7/2020,680
England,8/7/2020,672
England,7/7/2020,559
England,6/7/2020,655
England,5/7/2020,539
England,4/7/2020,384
England,3/7/2020,539
England,2/7/2020,561
England,1/7/2020,604
England,30/6/2020,570
England,29/6/2020,666
England,28/6/2020,411
England,27/6/2020,502
England,26/6/2020,644
England,25/6/2020,638
England,24/6/2020,728
England,23/6/2020,726
England,22/6/2020,813
England,21/6/2020,551
England,20/6/2020,628
England,19/6/2020,809
England,18/6/2020,944
England,17/6/2020,912
England,16/6/2020,991
England,15/6/2020,938
England,14/6/2020,745
England,13/6/2020,785
England,12/6/2020,934
England,11/6/2020,917
England,10/6/2020,1085
England,9/6/2020,1057
England,8/6/2020,987
England,7/6/2020,663
England,6/6/2020,721
England,5/6/2020,1021
England,4/6/2020,1143
England,3/6/2020,1243
England,2/6/2020,1351
England,1/6/2020,1312
England,31/5/2020,984
England,30/5/2020,1000
England,29/5/2020,1370
England,28/5/2020,1568
England,27/5/2020,1612
England,26/5/2020,1459
England,25/5/2020,1379
England,24/5/2020,1198
England,23/5/2020,1300
England,22/5/2020,1796
England,21/5/2020,2275
England,20/5/2020,2353
England,19/5/2020,2587
England,18/5/2020,2217
England,17/5/2020,1589
England,16/5/2020,1773
England,15/5/2020,2131
England,14/5/2020,2214
England,13/5/2020,2880
England,12/5/2020,2926
England,11/5/2020,3069
England,10/5/2020,2005
England,9/5/2020,1793
England,8/5/2020,2615
England,7/5/2020,3204
England,6/5/2020,3270
England,5/5/2020,3143
England,4/5/2020,2840
England,3/5/2020,2630
England,2/5/2020,2746
England,1/5/2020,4089
England,30/4/2020,4315
England,29/4/2020,4741
England,28/4/2020,4122
England,27/4/2020,4033
England,26/4/2020,3134
England,25/4/2020,3374
England,24/4/2020,4361
England,23/4/2020,4562
England,22/4/2020,4796
England,21/4/2020,3971
England,20/4/2020,3687
England,19/4/2020,3473
England,18/4/2020,4116
England,17/4/2020,4076
England,16/4/2020,4366
England,15/4/2020,4225
England,14/4/2020,3557
England,13/4/2020,3443
England,12/4/2020,2945
England,11/4/2020,3083
England,10/4/2020,3584
England,9/4/2020,4062
England,8/4/2020,4293
England,7/4/2020,4580
England,6/4/2020,4389
England,5/4/2020,3086
England,4/4/2020,3383
England,3/4/2020,4101
England,2/4/2020,4071
England,1/4/2020,4104
England,31/3/2020,3783
England,30/3/2020,3526
England,29/3/2020,2440
England,28/3/2020,2375
England,27/3/2020,2657
England,26/3/2020,2614
England,25/3/2020,2266
England,24/3/2020,2026
England,23/3/2020,2015
England,22/3/2020,1210
England,21/3/2020,1036
England,20/3/2020,1084
England,19/3/2020,930
England,18/3/2020,908
England,17/3/2020,679
England,16/3/2020,546
England,15/3/2020,398
England,14/3/2020,314
England,13/3/2020,393
England,12/3/2020,414
England,11/3/2020,353
England,10/3/2020,226
England,9/3/2020,124
England,8/3/2020,50
England,7/3/2020,54
England,6/3/2020,73
England,5/3/2020,47
England,4/3/2020,49
England,3/3/2020,53
England,2/3/2020,39
England,1/3/2020,20
England,29/2/2020,5
England,28/2/2020,11
England,27/2/2020,7
England,26/2/2020,4
England,25/2/2020,5
England,24/2/2020,2
England,23/2/2020,1
England,22/2/2020,0
England,21/2/2020,1
England,20/2/2020,0
England,19/2/2020,0
England,18/2/2020,0
England,17/2/2020,0
England,16/2/2020,0
England,15/2/2020,0
England,14/2/2020,0
England,13/2/2020,0
England,12/2/2020,0
England,11/2/2020,9
England,10/2/2020,0
England,9/2/2020,1
England,8/2/2020,4
England,7/2/2020,0
England,6/2/2020,0
England,5/2/2020,1
England,4/2/2020,0
England,3/2/2020,0
England,2/2/2020,1
England,1/2/2020,0
England,31/1/2020,0
England,30/1/2020,2
Northern Ireland,3/11/2020,505
Northern Ireland,2/11/2020,716
Northern Ireland,1/11/2020,486
Northern Ireland,31/10/2020,543
Northern Ireland,30/10/2020,725
Northern Ireland,29/10/2020,729
Northern Ireland,28/10/2020,794
Northern Ireland,27/10/2020,853
Northern Ireland,26/10/2020,926
Northern Ireland,25/10/2020,706
Northern Ireland,24/10/2020,771
Northern Ireland,23/10/2020,899
Northern Ireland,22/10/2020,1099
Northern Ireland,21/10/2020,1135
Northern Ireland,20/10/2020,1080
Northern Ireland,19/10/2020,1059
Northern Ireland,18/10/2020,799
Northern Ireland,17/10/2020,852
Northern Ireland,16/10/2020,984
Northern Ireland,15/10/2020,1112
Northern Ireland,14/10/2020,1072
Northern Ireland,13/10/2020,1094
Northern Ireland,12/10/2020,1116
Northern Ireland,11/10/2020,838
Northern Ireland,10/10/2020,805
Northern Ireland,9/10/2020,856
Northern Ireland,8/10/2020,991
Northern Ireland,7/10/2020,1041
Northern Ireland,6/10/2020,806
Northern Ireland,5/10/2020,714
Northern Ireland,4/10/2020,616
Northern Ireland,3/10/2020,626
Northern Ireland,2/10/2020,701
Northern Ireland,1/10/2020,485
Northern Ireland,30/9/2020,644
Northern Ireland,29/9/2020,396
Northern Ireland,28/9/2020,299
Northern Ireland,27/9/2020,273
Northern Ireland,26/9/2020,270
Northern Ireland,25/9/2020,245
Northern Ireland,24/9/2020,286
Northern Ireland,23/9/2020,221
Northern Ireland,22/9/2020,171
Northern Ireland,21/9/2020,135
Northern Ireland,20/9/2020,124
Northern Ireland,19/9/2020,161
Northern Ireland,18/9/2020,168
Northern Ireland,17/9/2020,170
Northern Ireland,16/9/2020,136
Northern Ireland,15/9/2020,108
Northern Ireland,14/9/2020,120
Northern Ireland,13/9/2020,91
Northern Ireland,12/9/2020,107
Northern Ireland,11/9/2020,73
Northern Ireland,10/9/2020,79
Northern Ireland,9/9/2020,98
Northern Ireland,8/9/2020,56
Northern Ireland,7/9/2020,72
Northern Ireland,6/9/2020,106
Northern Ireland,5/9/2020,91
Northern Ireland,4/9/2020,131
Northern Ireland,3/9/2020,107
Northern Ireland,2/9/2020,91
Northern Ireland,1/9/2020,65
Northern Ireland,31/8/2020,54
Northern Ireland,30/8/2020,35
Northern Ireland,29/8/2020,44
Northern Ireland,28/8/2020,87
Northern Ireland,27/8/2020,79
Northern Ireland,26/8/2020,70
Northern Ireland,25/8/2020,65
Northern Ireland,24/8/2020,45
Northern Ireland,23/8/2020,52
Northern Ireland,22/8/2020,42
Northern Ireland,21/8/2020,80
Northern Ireland,20/8/2020,71
Northern Ireland,19/8/2020,41
Northern Ireland,18/8/2020,43
Northern Ireland,17/8/2020,53
Northern Ireland,16/8/2020,20
Northern Ireland,15/8/2020,22
Northern Ireland,14/8/2020,57
Northern Ireland,13/8/2020,51
Northern Ireland,12/8/2020,40
Northern Ireland,11/8/2020,38
Northern Ireland,10/8/2020,44
Northern Ireland,9/8/2020,25
Northern Ireland,8/8/2020,28
Northern Ireland,7/8/2020,17
Northern Ireland,6/8/2020,18
Northern Ireland,5/8/2020,29
Northern Ireland,4/8/2020,18
Northern Ireland,3/8/2020,18
Northern Ireland,2/8/2020,9
Northern Ireland,1/8/2020,10
Northern Ireland,31/7/2020,13
Northern Ireland,30/7/2020,10
Northern Ireland,29/7/2020,11
Northern Ireland,28/7/2020,13
Northern Ireland,27/7/2020,12
Northern Ireland,26/7/2020,1
Northern Ireland,25/7/2020,4
Northern Ireland,24/7/2020,14
Northern Ireland,23/7/2020,12
Northern Ireland,22/7/2020,8
Northern Ireland,21/7/2020,12
Northern Ireland,20/7/2020,3
Northern Ireland,19/7/2020,3
Northern Ireland,18/7/2020,7
Northern Ireland,17/7/2020,9
Northern Ireland,16/7/2020,19
Northern Ireland,15/7/2020,15
Northern Ireland,14/7/2020,7
Northern Ireland,13/7/2020,3
Northern Ireland,12/7/2020,4
Northern Ireland,11/7/2020,6
Northern Ireland,10/7/2020,4
Northern Ireland,9/7/2020,5
Northern Ireland,8/7/2020,6
Northern Ireland,7/7/2020,5
Northern Ireland,6/7/2020,8
Northern Ireland,5/7/2020,2
Northern Ireland,4/7/2020,1
Northern Ireland,3/7/2020,8
Northern Ireland,2/7/2020,3
Northern Ireland,1/7/2020,4
Northern Ireland,30/6/2020,2
Northern Ireland,29/6/2020,4
Northern Ireland,28/6/2020,5
Northern Ireland,27/6/2020,4
Northern Ireland,26/6/2020,3
Northern Ireland,25/6/2020,5
Northern Ireland,24/6/2020,4
Northern Ireland,23/6/2020,8
Northern Ireland,22/6/2020,4
Northern Ireland,21/6/2020,3
Northern Ireland,20/6/2020,5
Northern Ireland,19/6/2020,13
Northern Ireland,18/6/2020,7
Northern Ireland,17/6/2020,5
Northern Ireland,16/6/2020,11
Northern Ireland,15/6/2020,19
Northern Ireland,14/6/2020,8
Northern Ireland,13/6/2020,10
Northern Ireland,12/6/2020,10
Northern Ireland,11/6/2020,10
Northern Ireland,10/6/2020,16
Northern Ireland,9/6/2020,11
Northern Ireland,8/6/2020,14
Northern Ireland,7/6/2020,5
Northern Ireland,6/6/2020,8
Northern Ireland,5/6/2020,24
Northern Ireland,4/6/2020,11
Northern Ireland,3/6/2020,11
Northern Ireland,2/6/2020,21
Northern Ireland,1/6/2020,24
Northern Ireland,31/5/2020,26
Northern Ireland,30/5/2020,13
Northern Ireland,29/5/2020,20
Northern Ireland,28/5/2020,28
Northern Ireland,27/5/2020,33
Northern Ireland,26/5/2020,28
Northern Ireland,25/5/2020,41
Northern Ireland,24/5/2020,31
Northern Ireland,23/5/2020,54
Northern Ireland,22/5/2020,33
Northern Ireland,21/5/2020,56
Northern Ireland,20/5/2020,76
Northern Ireland,19/5/2020,73
Northern Ireland,18/5/2020,63
Northern Ireland,17/5/2020,38
Northern Ireland,16/5/2020,40
Northern Ireland,15/5/2020,66
Northern Ireland,14/5/2020,74
Northern Ireland,13/5/2020,75
Northern Ireland,12/5/2020,93
Northern Ireland,11/5/2020,76
Northern Ireland,10/5/2020,62
Northern Ireland,9/5/2020,54
Northern Ireland,8/5/2020,72
Northern Ireland,7/5/2020,97
Northern Ireland,6/5/2020,80
Northern Ireland,5/5/2020,75
Northern Ireland,4/5/2020,75
Northern Ireland,3/5/2020,55
Northern Ireland,2/5/2020,90
Northern Ireland,1/5/2020,99
Northern Ireland,30/4/2020,116
Northern Ireland,29/4/2020,93
Northern Ireland,28/4/2020,75
Northern Ireland,27/4/2020,71
Northern Ireland,26/4/2020,45
Northern Ireland,25/4/2020,54
Northern Ireland,24/4/2020,83
Northern Ireland,23/4/2020,73
Northern Ireland,22/4/2020,98
Northern Ireland,21/4/2020,131
Northern Ireland,20/4/2020,112
Northern Ireland,19/4/2020,41
Northern Ireland,18/4/2020,85
Northern Ireland,17/4/2020,156
Northern Ireland,16/4/2020,138
Northern Ireland,15/4/2020,133
Northern Ireland,14/4/2020,95
Northern Ireland,13/4/2020,107
Northern Ireland,12/4/2020,73
Northern Ireland,11/4/2020,67
Northern Ireland,10/4/2020,95
Northern Ireland,9/4/2020,100
Northern Ireland,8/4/2020,102
Northern Ireland,7/4/2020,130
Northern Ireland,6/4/2020,106
Northern Ireland,5/4/2020,60
Northern Ireland,4/4/2020,87
Northern Ireland,3/4/2020,103
Northern Ireland,2/4/2020,105
Northern Ireland,1/4/2020,103
Northern Ireland,31/3/2020,112
Northern Ireland,30/3/2020,84
Northern Ireland,29/3/2020,62
Northern Ireland,28/3/2020,76
Northern Ireland,27/3/2020,68
Northern Ireland,26/3/2020,76
Northern Ireland,25/3/2020,57
Northern Ireland,24/3/2020,41
Northern Ireland,23/3/2020,41
Northern Ireland,22/3/2020,18
Northern Ireland,21/3/2020,21
Northern Ireland,20/3/2020,17
Northern Ireland,19/3/2020,14
Northern Ireland,18/3/2020,13
Northern Ireland,17/3/2020,9
Northern Ireland,16/3/2020,8
Northern Ireland,15/3/2020,2
Northern Ireland,14/3/2020,10
Northern Ireland,13/3/2020,11
Northern Ireland,12/3/2020,4
Northern Ireland,11/3/2020,11
Northern Ireland,10/3/2020,5
Northern Ireland,9/3/2020,3
Northern Ireland,8/3/2020,3
Northern Ireland,7/3/2020,5
Northern Ireland,6/3/2020,2
Northern Ireland,5/3/2020,2
Northern Ireland,4/3/2020,0
Northern Ireland,3/3/2020,0
Northern Ireland,2/3/2020,0
Northern Ireland,1/3/2020,0
Northern Ireland,29/2/2020,0
Northern Ireland,28/2/2020,0
Northern Ireland,27/2/2020,0
Northern Ireland,26/2/2020,0
Northern Ireland,25/2/2020,0
Northern Ireland,24/2/2020,0
Northern Ireland,23/2/2020,0
Northern Ireland,22/2/2020,0
Northern Ireland,21/2/2020,0
Northern Ireland,20/2/2020,0
Northern Ireland,19/2/2020,0
Northern Ireland,18/2/2020,0
Northern Ireland,17/2/2020,0
Northern Ireland,16/2/2020,0
Northern Ireland,15/2/2020,0
Northern Ireland,14/2/2020,0
Northern Ireland,13/2/2020,0
Northern Ireland,12/2/2020,0
Northern Ireland,11/2/2020,0
Northern Ireland,10/2/2020,0
Northern Ireland,9/2/2020,0
Northern Ireland,8/2/2020,0
Northern Ireland,7/2/2020,0
Northern Ireland,6/2/2020,0
Northern Ireland,5/2/2020,0
Northern Ireland,4/2/2020,0
Northern Ireland,3/2/2020,0
Scotland,3/11/2020,390
Scotland,2/11/2020,1286
Scotland,1/11/2020,941
Scotland,31/10/2020,729
Scotland,30/10/2020,1091
Scotland,29/10/2020,1096
Scotland,28/10/2020,1264
Scotland,27/10/2020,1306
Scotland,26/10/2020,1345
Scotland,25/10/2020,939
Scotland,24/10/2020,954
Scotland,23/10/2020,1287
Scotland,22/10/2020,1501
Scotland,21/10/2020,1580
Scotland,20/10/2020,1685
Scotland,19/10/2020,1355
Scotland,18/10/2020,828
Scotland,17/10/2020,862
Scotland,16/10/2020,1251
Scotland,15/10/2020,1293
Scotland,14/10/2020,1290
Scotland,13/10/2020,1423
Scotland,12/10/2020,1361
Scotland,11/10/2020,959
Scotland,10/10/2020,942
Scotland,9/10/2020,1096
Scotland,8/10/2020,1171
Scotland,7/10/2020,1250
Scotland,6/10/2020,1192
Scotland,5/10/2020,1099
Scotland,4/10/2020,744
Scotland,3/10/2020,702
Scotland,2/10/2020,818
Scotland,1/10/2020,777
Scotland,30/9/2020,793
Scotland,29/9/2020,661
Scotland,28/9/2020,625
Scotland,27/9/2020,359
Scotland,26/9/2020,437
Scotland,25/9/2020,576
Scotland,24/9/2020,716
Scotland,23/9/2020,572
Scotland,22/9/2020,497
Scotland,21/9/2020,454
Scotland,20/9/2020,320
Scotland,19/9/2020,236
Scotland,18/9/2020,270
Scotland,17/9/2020,265
Scotland,16/9/2020,280
Scotland,15/9/2020,238
Scotland,14/9/2020,186
Scotland,13/9/2020,178
Scotland,12/9/2020,214
Scotland,11/9/2020,216
Scotland,10/9/2020,231
Scotland,9/9/2020,223
Scotland,8/9/2020,103
Scotland,7/9/2020,167
Scotland,6/9/2020,154
Scotland,5/9/2020,137
Scotland,4/9/2020,170
Scotland,3/9/2020,202
Scotland,2/9/2020,192
Scotland,1/9/2020,199
Scotland,31/8/2020,143
Scotland,30/8/2020,102
Scotland,29/8/2020,94
Scotland,28/8/2020,105
Scotland,27/8/2020,97
Scotland,26/8/2020,98
Scotland,25/8/2020,72
Scotland,24/8/2020,59
Scotland,23/8/2020,67
Scotland,22/8/2020,51
Scotland,21/8/2020,91
Scotland,20/8/2020,141
Scotland,19/8/2020,93
Scotland,18/8/2020,78
Scotland,17/8/2020,75
Scotland,16/8/2020,33
Scotland,15/8/2020,20
Scotland,14/8/2020,50
Scotland,13/8/2020,59
Scotland,12/8/2020,49
Scotland,11/8/2020,63
Scotland,10/8/2020,59
Scotland,9/8/2020,26
Scotland,8/8/2020,27
Scotland,7/8/2020,46
Scotland,6/8/2020,65
Scotland,5/8/2020,67
Scotland,4/8/2020,58
Scotland,3/8/2020,62
Scotland,2/8/2020,19
Scotland,1/8/2020,23
Scotland,31/7/2020,21
Scotland,30/7/2020,27
Scotland,29/7/2020,28
Scotland,28/7/2020,22
Scotland,27/7/2020,13
Scotland,26/7/2020,7
Scotland,25/7/2020,3
Scotland,24/7/2020,11
Scotland,23/7/2020,23
Scotland,22/7/2020,16
Scotland,21/7/2020,19
Scotland,20/7/2020,13
Scotland,19/7/2020,17
Scotland,18/7/2020,13
Scotland,17/7/2020,8
Scotland,16/7/2020,21
Scotland,15/7/2020,16
Scotland,14/7/2020,10
Scotland,13/7/2020,17
Scotland,12/7/2020,2
Scotland,11/7/2020,9
Scotland,10/7/2020,12
Scotland,9/7/2020,8
Scotland,8/7/2020,10
Scotland,7/7/2020,11
Scotland,6/7/2020,8
Scotland,5/7/2020,2
Scotland,4/7/2020,5
Scotland,3/7/2020,6
Scotland,2/7/2020,13
Scotland,1/7/2020,11
Scotland,30/6/2020,8
Scotland,29/6/2020,14
Scotland,28/6/2020,3
Scotland,27/6/2020,4
Scotland,26/6/2020,6
Scotland,25/6/2020,19
Scotland,24/6/2020,8
Scotland,23/6/2020,20
Scotland,22/6/2020,11
Scotland,21/6/2020,9
Scotland,20/6/2020,6
Scotland,19/6/2020,23
Scotland,18/6/2020,14
Scotland,17/6/2020,33
Scotland,16/6/2020,17
Scotland,15/6/2020,21
Scotland,14/6/2020,13
Scotland,13/6/2020,23
Scotland,12/6/2020,30
Scotland,11/6/2020,21
Scotland,10/6/2020,29
Scotland,9/6/2020,27
Scotland,8/6/2020,18
Scotland,7/6/2020,17
Scotland,6/6/2020,22
Scotland,5/6/2020,24
Scotland,4/6/2020,35
Scotland,3/6/2020,35
Scotland,2/6/2020,45
Scotland,1/6/2020,38
Scotland,31/5/2020,23
Scotland,30/5/2020,40
Scotland,29/5/2020,29
Scotland,28/5/2020,55
Scotland,27/5/2020,66
Scotland,26/5/2020,77
Scotland,25/5/2020,97
Scotland,24/5/2020,54
Scotland,23/5/2020,50
Scotland,22/5/2020,92
Scotland,21/5/2020,111
Scotland,20/5/2020,121
Scotland,19/5/2020,182
Scotland,18/5/2020,140
Scotland,17/5/2020,92
Scotland,16/5/2020,103
Scotland,15/5/2020,152
Scotland,14/5/2020,212
Scotland,13/5/2020,198
Scotland,12/5/2020,231
Scotland,11/5/2020,261
Scotland,10/5/2020,150
Scotland,9/5/2020,177
Scotland,8/5/2020,254
Scotland,7/5/2020,290
Scotland,6/5/2020,306
Scotland,5/5/2020,289
Scotland,4/5/2020,330
Scotland,3/5/2020,189
Scotland,2/5/2020,217
Scotland,1/5/2020,368
Scotland,30/4/2020,335
Scotland,29/4/2020,430
Scotland,28/4/2020,380
Scotland,27/4/2020,430
Scotland,26/4/2020,172
Scotland,25/4/2020,184
Scotland,24/4/2020,305
Scotland,23/4/2020,314
Scotland,22/4/2020,340
Scotland,21/4/2020,399
Scotland,20/4/2020,776
Scotland,19/4/2020,159
Scotland,18/4/2020,264
Scotland,17/4/2020,394
Scotland,16/4/2020,427
Scotland,15/4/2020,331
Scotland,14/4/2020,346
Scotland,13/4/2020,359
Scotland,12/4/2020,220
Scotland,11/4/2020,185
Scotland,10/4/2020,329
Scotland,9/4/2020,304
Scotland,8/4/2020,343
Scotland,7/4/2020,351
Scotland,6/4/2020,404
Scotland,5/4/2020,225
Scotland,4/4/2020,259
Scotland,3/4/2020,379
Scotland,2/4/2020,355
Scotland,1/4/2020,384
Scotland,31/3/2020,340
Scotland,30/3/2020,321
Scotland,29/3/2020,197
Scotland,28/3/2020,205
Scotland,27/3/2020,274
Scotland,26/3/2020,223
Scotland,25/3/2020,187
Scotland,24/3/2020,167
Scotland,23/3/2020,138
Scotland,22/3/2020,75
Scotland,21/3/2020,66
Scotland,20/3/2020,83
Scotland,19/3/2020,49
Scotland,18/3/2020,41
Scotland,17/3/2020,43
Scotland,16/3/2020,21
Scotland,15/3/2020,12
Scotland,14/3/2020,19
Scotland,13/3/2020,48
Scotland,12/3/2020,38
Scotland,11/3/2020,26
Scotland,10/3/2020,21
Scotland,9/3/2020,16
Scotland,8/3/2020,3
Scotland,7/3/2020,6
Scotland,6/3/2020,6
Scotland,5/3/2020,2
Scotland,4/3/2020,6
Scotland,3/3/2020,3
Scotland,2/3/2020,1
Scotland,1/3/2020,2
Scotland,29/2/2020,0
Scotland,28/2/2020,1
Wales,3/11/2020,9
Wales,2/11/2020,205
Wales,1/11/2020,758
Wales,31/10/2020,830
Wales,30/10/2020,1219
Wales,29/10/2020,1578
Wales,28/10/2020,1351
Wales,27/10/2020,1477
Wales,26/10/2020,1556
Wales,25/10/2020,939
Wales,24/10/2020,1024
Wales,23/10/2020,1197
Wales,22/10/2020,1056
Wales,21/10/2020,1263
Wales,20/10/2020,1237
Wales,19/10/2020,1110
Wales,18/10/2020,715
Wales,17/10/2020,708
Wales,16/10/2020,952
Wales,15/10/2020,791
Wales,14/10/2020,904
Wales,13/10/2020,952
Wales,12/10/2020,782
Wales,11/10/2020,625
Wales,10/10/2020,619
Wales,9/10/2020,782
Wales,8/10/2020,828
Wales,7/10/2020,848
Wales,6/10/2020,770
Wales,5/10/2020,703
Wales,4/10/2020,614
Wales,3/10/2020,518
Wales,2/10/2020,599
Wales,1/10/2020,623
Wales,30/9/2020,596
Wales,29/9/2020,466
Wales,28/9/2020,426
Wales,27/9/2020,317
Wales,26/9/2020,403
Wales,25/9/2020,385
Wales,24/9/2020,316
Wales,23/9/2020,378
Wales,22/9/2020,379
Wales,21/9/2020,309
Wales,20/9/2020,252
Wales,19/9/2020,280
Wales,18/9/2020,246
Wales,17/9/2020,261
Wales,16/9/2020,207
Wales,15/9/2020,164
Wales,14/9/2020,191
Wales,13/9/2020,165
Wales,12/9/2020,140
Wales,11/9/2020,145
Wales,10/9/2020,186
Wales,9/9/2020,158
Wales,8/9/2020,143
Wales,7/9/2020,159
Wales,6/9/2020,131
Wales,5/9/2020,128
Wales,4/9/2020,149
Wales,3/9/2020,125
Wales,2/9/2020,95
Wales,1/9/2020,57
Wales,31/8/2020,44
Wales,30/8/2020,46
Wales,29/8/2020,44
Wales,28/8/2020,52
Wales,27/8/2020,50
Wales,26/8/2020,44
Wales,25/8/2020,50
Wales,24/8/2020,36
Wales,23/8/2020,11
Wales,22/8/2020,19
Wales,21/8/2020,22
Wales,20/8/2020,31
Wales,19/8/2020,35
Wales,18/8/2020,38
Wales,17/8/2020,19
Wales,16/8/2020,18
Wales,15/8/2020,10
Wales,14/8/2020,17
Wales,13/8/2020,17
Wales,12/8/2020,24
Wales,11/8/2020,27
Wales,10/8/2020,19
Wales,9/8/2020,8
Wales,8/8/2020,5
Wales,7/8/2020,15
Wales,6/8/2020,22
Wales,5/8/2020,22
Wales,4/8/2020,24
Wales,3/8/2020,22
Wales,2/8/2020,14
Wales,1/8/2020,16
Wales,31/7/2020,16
Wales,30/7/2020,30
Wales,29/7/2020,27
Wales,28/7/2020,27
Wales,27/7/2020,23
Wales,26/7/2020,35
Wales,25/7/2020,24
Wales,24/7/2020,30
Wales,23/7/2020,31
Wales,22/7/2020,25
Wales,21/7/2020,61
Wales,20/7/2020,43
Wales,19/7/2020,10
Wales,18/7/2020,11
Wales,17/7/2020,17
Wales,16/7/2020,25
Wales,15/7/2020,18
Wales,14/7/2020,23
Wales,13/7/2020,24
Wales,12/7/2020,10
Wales,11/7/2020,12
Wales,10/7/2020,29
Wales,9/7/2020,22
Wales,8/7/2020,14
Wales,7/7/2020,28
Wales,6/7/2020,35
Wales,5/7/2020,12
Wales,4/7/2020,9
Wales,3/7/2020,19
Wales,2/7/2020,28
Wales,1/7/2020,27
Wales,30/6/2020,35
Wales,29/6/2020,43
Wales,28/6/2020,28
Wales,27/6/2020,140
Wales,26/6/2020,19
Wales,25/6/2020,60
Wales,24/6/2020,37
Wales,23/6/2020,131
Wales,22/6/2020,66
Wales,21/6/2020,76
Wales,20/6/2020,47
Wales,19/6/2020,140
Wales,18/6/2020,62
Wales,17/6/2020,64
Wales,16/6/2020,82
Wales,15/6/2020,66
Wales,14/6/2020,54
Wales,13/6/2020,70
Wales,12/6/2020,75
Wales,11/6/2020,66
Wales,10/6/2020,67
Wales,9/6/2020,62
Wales,8/6/2020,74
Wales,7/6/2020,34
Wales,6/6/2020,53
Wales,5/6/2020,55
Wales,4/6/2020,60
Wales,3/6/2020,75
Wales,2/6/2020,73
Wales,1/6/2020,64
Wales,31/5/2020,46
Wales,30/5/2020,70
Wales,29/5/2020,106
Wales,28/5/2020,102
Wales,27/5/2020,118
Wales,26/5/2020,102
Wales,25/5/2020,105
Wales,24/5/2020,82
Wales,23/5/2020,123
Wales,22/5/2020,137
Wales,21/5/2020,132
Wales,20/5/2020,166
Wales,19/5/2020,213
Wales,18/5/2020,168
Wales,17/5/2020,118
Wales,16/5/2020,166
Wales,15/5/2020,179
Wales,14/5/2020,132
Wales,13/5/2020,153
Wales,12/5/2020,150
Wales,11/5/2020,178
Wales,10/5/2020,107
Wales,9/5/2020,136
Wales,8/5/2020,115
Wales,7/5/2020,176
Wales,6/5/2020,171
Wales,5/5/2020,175
Wales,4/5/2020,139
Wales,3/5/2020,105
Wales,2/5/2020,179
Wales,1/5/2020,176
Wales,30/4/2020,200
Wales,29/4/2020,176
Wales,28/4/2020,153
Wales,27/4/2020,172
Wales,26/4/2020,121
Wales,25/4/2020,136
Wales,24/4/2020,213
Wales,23/4/2020,201
Wales,22/4/2020,253
Wales,21/4/2020,259
Wales,20/4/2020,281
Wales,19/4/2020,181
Wales,18/4/2020,247
Wales,17/4/2020,324
Wales,16/4/2020,363
Wales,15/4/2020,361
Wales,14/4/2020,317
Wales,13/4/2020,273
Wales,12/4/2020,247
Wales,11/4/2020,247
Wales,10/4/2020,308
Wales,9/4/2020,391
Wales,8/4/2020,386
Wales,7/4/2020,386
Wales,6/4/2020,383
Wales,5/4/2020,223
Wales,4/4/2020,282
Wales,3/4/2020,330
Wales,2/4/2020,336
Wales,1/4/2020,327
Wales,31/3/2020,277
Wales,30/3/2020,343
Wales,29/3/2020,159
Wales,28/3/2020,167
Wales,27/3/2020,193
Wales,26/3/2020,177
Wales,25/3/2020,190
Wales,24/3/2020,141
Wales,23/3/2020,133
Wales,22/3/2020,76
Wales,21/3/2020,75
Wales,20/3/2020,73
Wales,19/3/2020,60
Wales,18/3/2020,36
Wales,17/3/2020,37
Wales,16/3/2020,37
Wales,15/3/2020,32
Wales,14/3/2020,19
Wales,13/3/2020,28
Wales,12/3/2020,25
Wales,11/3/2020,15
Wales,10/3/2020,12
Wales,9/3/2020,3
Wales,8/3/2020,1
Wales,7/3/2020,2
Wales,6/3/2020,0
Wales,5/3/2020,0
Wales,4/3/2020,1
Wales,3/3/2020,0
Wales,2/3/2020,0
Wales,1/3/2020,0
Wales,29/2/2020,0
Wales,28/2/2020,0
Wales,27/2/2020,1